Date/Time,Environment:Site Outdoor Air Drybulb Temperature [C](TimeStep),CUBO:Zone Mean Air Temperature [C](TimeStep) 
 05/15  00:01:00,25.4,31.726181952053917 
 05/15  00:02:00,25.4,31.71224821132693 
 05/15  00:03:00,25.4,31.698280868383154 
 05/15  00:04:00,25.4,31.68428964771337 
 05/15  00:05:00,25.3,31.670269277133947 
 05/15  00:06:00,25.3,31.656215222665388 
 05/15  00:07:00,25.3,31.64213568683267 
 05/15  00:08:00,25.3,31.628022949679227 
 05/15  00:09:00,25.2,31.613869115020833 
 05/15  00:10:00,25.2,31.599668288487113 
 05/15  00:11:00,25.2,31.585425267853307 
 05/15  00:12:00,25.2,31.571127802252636 
 05/15  00:13:00,25.1,31.556763904518892 
 05/15  00:14:00,25.1,31.542325056091464 
 05/15  00:15:00,25.1,31.527805159206544 
 05/15  00:16:00,25.1,31.513199429395513 
 05/15  00:17:00,25.1,31.498504015883046 
 05/15  00:18:00,25.0,31.483716045440985 
 05/15  00:19:00,25.0,31.468833747829084 
 05/15  00:20:00,25.0,31.453856511904597 
 05/15  00:21:00,25.0,31.4387848524778 
 05/15  00:22:00,24.9,31.423620314388632 
 05/15  00:23:00,24.9,31.40836534296491 
 05/15  00:24:00,24.9,31.393012981919018 
 05/15  00:25:00,24.9,31.377573452651863 
 05/15  00:26:00,24.8,31.362056550079025 
 05/15  00:27:00,24.8,31.34645856036898 
 05/15  00:28:00,24.8,31.330790449628577 
 05/15  00:29:00,24.8,31.315061842570906 
 05/15  00:30:00,24.7,31.299268604240794 
 05/15  00:31:00,24.7,31.283421331489905 
 05/15  00:32:00,24.7,31.267519014996715 
 05/15  00:33:00,24.7,31.25157362681533 
 05/15  00:34:00,24.7,31.235583994772153 
 05/15  00:35:00,24.6,31.219561311619458 
 05/15  00:36:00,24.6,31.203503506823143 
 05/15  00:37:00,24.6,31.187410826099043 
 05/15  00:38:00,24.6,31.17129712290221 
 05/15  00:39:00,24.5,31.155160975591077 
 05/15  00:40:00,24.5,31.139011904229125 
 05/15  00:41:00,24.5,31.122845744407634 
 05/15  00:42:00,24.5,31.106660748248714 
 05/15  00:43:00,24.5,31.09046902964026 
 05/15  00:44:00,24.4,31.0742675830777 
 05/15  00:45:00,24.4,31.05805436353904 
 05/15  00:46:00,24.4,31.041840582280695 
 05/15  00:47:00,24.4,31.025622291148494 
 05/15  00:48:00,24.3,31.009396633525874 
 05/15  00:49:00,24.3,30.993174142651277 
 05/15  00:50:00,24.3,30.976950291340682 
 05/15  00:51:00,24.3,30.96072171417079 
 05/15  00:52:00,24.2,30.9444984916984 
 05/15  00:53:00,24.2,30.92827569224124 
 05/15  00:54:00,24.2,30.91204958964504 
 05/15  00:55:00,24.2,30.895829942429916 
 05/15  00:56:00,24.2,30.879611532468747 
 05/15  00:57:00,24.1,30.863390377067716 
 05/15  00:58:00,24.1,30.84717600223341 
 05/15  00:59:00,24.1,30.83096298342517 
 05/15  01:00:00,24.1,30.81474715155777 
 05/15  01:01:00,24.0,30.798537861138964 
 05/15  01:02:00,24.0,30.782329538627952 
 05/15  01:03:00,24.0,30.766117883124128 
 05/15  01:04:00,24.0,30.74991213024874 
 05/15  01:05:00,24.0,30.733706609864203 
 05/15  01:06:00,23.9,30.717496939744326 
 05/15  01:07:00,23.9,30.701292283730012 
 05/15  01:08:00,23.9,30.685086917162838 
 05/15  01:09:00,23.9,30.66887641291151 
 05/15  01:10:00,23.9,30.652669894627156 
 05/15  01:11:00,23.8,30.63646160931772 
 05/15  01:12:00,23.8,30.620247108769025 
 05/15  01:13:00,23.8,30.604035500733357 
 05/15  01:14:00,23.8,30.587821026091 
 05/15  01:15:00,23.7,30.57159923735896 
 05/15  01:16:00,23.7,30.55537924930891 
 05/15  01:17:00,23.7,30.5391553166442 
 05/15  01:18:00,23.7,30.522923011804508 
 05/15  01:19:00,23.7,30.506691476271865 
 05/15  01:20:00,23.6,30.490454992907722 
 05/15  01:21:00,23.6,30.47420916453962 
 05/15  01:22:00,23.6,30.457963167230215 
 05/15  01:23:00,23.6,30.44171131214289 
 05/15  01:24:00,23.6,30.42544922849836 
 05/15  01:25:00,23.5,30.409186122739783 
 05/15  01:26:00,23.5,30.39291632729042 
 05/15  01:27:00,23.5,30.37663549249836 
 05/15  01:28:00,23.5,30.360352854465145 
 05/15  01:29:00,23.4,30.344062765776957 
 05/15  01:30:00,23.4,30.32776089886444 
 05/15  01:31:00,23.4,30.31145652432904 
 05/15  01:32:00,23.4,30.29514401878118 
 05/15  01:33:00,23.4,30.27881908125503 
 05/15  01:34:00,23.3,30.262480894011553 
 05/15  01:35:00,23.3,30.246140497585753 
 05/15  01:36:00,23.3,30.229792616323458 
 05/15  01:37:00,23.3,30.21343270554205 
 05/15  01:38:00,23.3,30.197069741505306 
 05/15  01:39:00,23.2,30.18069790439332 
 05/15  01:40:00,23.2,30.164312784452555 
 05/15  01:41:00,23.2,30.147913504990132 
 05/15  01:42:00,23.2,30.131511085089482 
 05/15  01:43:00,23.2,30.115100221180523 
 05/15  01:44:00,23.1,30.098676353027557 
 05/15  01:45:00,23.1,30.082238342893863 
 05/15  01:46:00,23.1,30.065797026763136 
 05/15  01:47:00,23.1,30.04934700298057 
 05/15  01:48:00,23.1,30.032883665365762 
 05/15  01:49:00,23.0,30.016405856482795 
 05/15  01:50:00,23.0,29.999924417343312 
 05/15  01:51:00,23.0,29.983433943690976 
 05/15  01:52:00,23.0,29.966929835396943 
 05/15  01:53:00,23.0,29.950410951054312 
 05/15  01:54:00,22.9,29.933878046214442 
 05/15  01:55:00,22.9,29.917342380602122 
 05/15  01:56:00,22.9,29.900798365835044 
 05/15  01:57:00,22.9,29.88424112922873 
 05/15  01:58:00,22.9,29.867669338028406 
 05/15  01:59:00,22.8,29.85108364219812 
 05/15  02:00:00,22.8,29.834495258353893 
 05/15  02:01:00,22.8,29.817898563742283 
 05/15  02:02:00,22.8,29.801288665750143 
 05/15  02:03:00,22.8,29.78466422427013 
 05/15  02:04:00,22.8,29.76802589084323 
 05/15  02:05:00,22.7,29.751374782385206 
 05/15  02:06:00,22.7,29.73471182661864 
 05/15  02:07:00,22.7,29.718047752831865 
 05/15  02:08:00,22.7,29.701376453711095 
 05/15  02:09:00,22.7,29.684692717804616 
 05/15  02:10:00,22.6,29.667995019904787 
 05/15  02:11:00,22.6,29.651283902605723 
 05/15  02:12:00,22.6,29.634560415028968 
 05/15  02:13:00,22.6,29.61782544373416 
 05/15  02:14:00,22.6,29.601079604780622 
 05/15  02:15:00,22.5,29.58432332034567 
 05/15  02:16:00,22.5,29.567567000705097 
 05/15  02:17:00,22.5,29.550804360703864 
 05/15  02:18:00,22.5,29.53403009665608 
 05/15  02:19:00,22.5,29.517242636476134 
 05/15  02:20:00,22.5,29.50044250087474 
 05/15  02:21:00,22.4,29.4836307325397 
 05/15  02:22:00,22.4,29.466808221407163 
 05/15  02:23:00,22.4,29.449975592198 
 05/15  02:24:00,22.4,29.433133277281843 
 05/15  02:25:00,22.4,29.416281597003486 
 05/15  02:26:00,22.3,29.399420806586658 
 05/15  02:27:00,22.3,29.38255111818224 
 05/15  02:28:00,22.3,29.365672711775357 
 05/15  02:29:00,22.3,29.34878574241787 
 05/15  02:30:00,22.3,29.331890346246634 
 05/15  02:31:00,22.3,29.314986645611157 
 05/15  02:32:00,22.2,29.29807475309227 
 05/15  02:33:00,22.2,29.281154774277184 
 05/15  02:34:00,22.2,29.264226809462325 
 05/15  02:35:00,22.2,29.247290954752845 
 05/15  02:36:00,22.2,29.230347303096636 
 05/15  02:37:00,22.2,29.213395945533804 
 05/15  02:38:00,22.1,29.19643697255146 
 05/15  02:39:00,22.1,29.17947047523969 
 05/15  02:40:00,22.1,29.162496546078582 
 05/15  02:41:00,22.1,29.14551527948382 
 05/15  02:42:00,22.1,29.128526772398537 
 05/15  02:43:00,22.1,29.111531125068293 
 05/15  02:44:00,22.0,29.094528441829326 
 05/15  02:45:00,22.0,29.07751883160041 
 05/15  02:46:00,22.0,29.06050240793207 
 05/15  02:47:00,22.0,29.043479288776076 
 05/15  02:48:00,22.0,29.026449596299692 
 05/15  02:49:00,22.0,29.009413456913524 
 05/15  02:50:00,21.9,28.992371001368205 
 05/15  02:51:00,21.9,28.97532236462745 
 05/15  02:52:00,21.9,28.95826768538148 
 05/15  02:53:00,21.9,28.941207105367678 
 05/15  02:54:00,21.9,28.924140768822234 
 05/15  02:55:00,21.9,28.90706882222751 
 05/15  02:56:00,21.8,28.889991414203966 
 05/15  02:57:00,21.8,28.8729086952467 
 05/15  02:58:00,21.8,28.85582081716195 
 05/15  02:59:00,21.8,28.838727932361902 
 05/15  03:00:00,21.8,28.821630193332933 
 05/15  03:01:00,21.8,28.804527752434364 
 05/15  03:02:00,21.8,28.78742076186943 
 05/15  03:03:00,21.7,28.770309373522394 
 05/15  03:04:00,21.7,28.75319373851281 
 05/15  03:05:00,21.7,28.736074006639058 
 05/15  03:06:00,21.7,28.71895032611964 
 05/15  03:07:00,21.7,28.701822843996997 
 05/15  03:08:00,21.7,28.68469170721919 
 05/15  03:09:00,21.6,28.66755706400186 
 05/15  03:10:00,21.6,28.65041906492679 
 05/15  03:11:00,21.6,28.633277863454566 
 05/15  03:12:00,21.6,28.616133615918077 
 05/15  03:13:00,21.6,28.59898648129758 
 05/15  03:14:00,21.6,28.58183662097453 
 05/15  03:15:00,21.6,28.564684198376664 
 05/15  03:16:00,21.5,28.547529378289735 
 05/15  03:17:00,21.5,28.530372325765658 
 05/15  03:18:00,21.5,28.513213204867238 
 05/15  03:19:00,21.5,28.496052177712336 
 05/15  03:20:00,21.5,28.47888940422223 
 05/15  03:21:00,21.5,28.461725042616923 
 05/15  03:22:00,21.5,28.4445592502766 
 05/15  03:23:00,21.4,28.42739218443343 
 05/15  03:24:00,21.4,28.410224002373454 
 05/15  03:25:00,21.4,28.39305486122983 
 05/15  03:26:00,21.4,28.375884917757972 
 05/15  03:27:00,21.4,28.358714328491484 
 05/15  03:28:00,21.4,28.341543250357788 
 05/15  03:29:00,21.4,28.324371841429766 
 05/15  03:30:00,21.4,28.30720026134116 
 05/15  03:31:00,21.3,28.29002867110525 
 05/15  03:32:00,21.3,28.27285723247044 
 05/15  03:33:00,21.3,28.255676043866604 
 05/15  03:34:00,21.3,28.238491771476347 
 05/15  03:35:00,21.3,28.221310066424195 
 05/15  03:36:00,21.3,28.204132835615482 
 05/15  03:37:00,21.3,28.18695987993006 
 05/15  03:38:00,21.3,28.16979046392213 
 05/15  03:39:00,21.2,28.152623992138544 
 05/15  03:40:00,21.2,28.135460124094156 
 05/15  03:41:00,21.2,28.118298703697622 
 05/15  03:42:00,21.2,28.10113968119351 
 05/15  03:43:00,21.2,28.083983069008188 
 05/15  03:44:00,21.2,28.066828922851798 
 05/15  03:45:00,21.2,28.049677333664235 
 05/15  03:46:00,21.2,28.032528422200965 
 05/15  03:47:00,21.1,28.015382333523767 
 05/15  03:48:00,21.1,27.99823923128838 
 05/15  03:49:00,21.1,27.981099292505842 
 05/15  03:50:00,21.1,27.963962703431115 
 05/15  03:51:00,21.1,27.94682965688181 
 05/15  03:52:00,21.1,27.929700350788995 
 05/15  03:53:00,21.1,27.91257498735874 
 05/15  03:54:00,21.1,27.89545377213891 
 05/15  03:55:00,21.0,27.878336912585635 
 05/15  03:56:00,21.0,27.86122461619565 
 05/15  03:57:00,21.0,27.844117088641944 
 05/15  03:58:00,21.0,27.827014532458684 
 05/15  03:59:00,21.0,27.809917146619497 
 05/15  04:00:00,21.0,27.79282512690977 
 05/15  04:01:00,21.0,27.775738666567896 
 05/15  04:02:00,21.0,27.758657956565077 
 05/15  04:03:00,21.0,27.741583185172914 
 05/15  04:04:00,20.9,27.724514536926286 
 05/15  04:05:00,20.9,27.707452191451743 
 05/15  04:06:00,20.9,27.690396322751024 
 05/15  04:07:00,20.9,27.67334709940133 
 05/15  04:08:00,20.9,27.65630468580005 
 05/15  04:09:00,20.9,27.639269244118427 
 05/15  04:10:00,20.9,27.622240936255935 
 05/15  04:11:00,20.9,27.60521992506218 
 05/15  04:12:00,20.9,27.588206374449058 
 05/15  04:13:00,20.9,27.571200448529254 
 05/15  04:14:00,20.8,27.554202310313034 
 05/15  04:15:00,20.8,27.537212120629356 
 05/15  04:16:00,20.8,27.5202300378267 
 05/15  04:17:00,20.8,27.503256218546237 
 05/15  04:18:00,20.8,27.48629081949797 
 05/15  04:19:00,20.8,27.469333999750752 
 05/15  04:20:00,20.8,27.452385922745318 
 05/15  04:21:00,20.8,27.435446757281895 
 05/15  04:22:00,20.8,27.41851667713837 
 05/15  04:23:00,20.8,27.401595859515595 
 05/15  04:24:00,20.8,27.384684482911997 
 05/15  04:25:00,20.7,27.367782725161153 
 05/15  04:26:00,20.7,27.350890762247122 
 05/15  04:27:00,20.7,27.334008768254243 
 05/15  04:28:00,20.7,27.317136916512123 
 05/15  04:29:00,20.7,27.30027538167813 
 05/15  04:30:00,20.7,27.283424342153747 
 05/15  04:31:00,20.7,27.26658398200121 
 05/15  04:32:00,20.7,27.249754491622753 
 05/15  04:33:00,20.7,27.23293606690085 
 05/15  04:34:00,20.7,27.216128907052227 
 05/15  04:35:00,20.7,27.199333211854544 
 05/15  04:36:00,20.7,27.182549179029873 
 05/15  04:37:00,20.6,27.165777002439828 
 05/15  04:38:00,20.6,27.14901687147965 
 05/15  04:39:00,20.6,27.132278997225082 
 05/15  04:40:00,20.6,27.11555708811986 
 05/15  04:41:00,20.6,27.098845861877326 
 05/15  04:42:00,20.6,27.082143768475017 
 05/15  04:43:00,20.6,27.06545136380859 
 05/15  04:44:00,20.6,27.048769748874253 
 05/15  04:45:00,20.6,27.03209989530377 
 05/15  04:46:00,20.6,27.015442527423343 
 05/15  04:47:00,20.6,26.99880820770475 
 05/15  04:48:00,20.6,26.9821909005297 
 05/15  04:49:00,20.6,26.965585512007454 
 05/15  04:50:00,20.6,26.94899062713853 
 05/15  04:51:00,20.5,26.932406891869835 
 05/15  04:52:00,20.5,26.915835460115662 
 05/15  04:53:00,20.5,26.89928734010748 
 05/15  04:54:00,20.5,26.882756797934363 
 05/15  04:55:00,20.5,26.86623891730208 
 05/15  04:56:00,20.5,26.849732398897856 
 05/15  04:57:00,20.5,26.833237982735454 
 05/15  04:58:00,20.5,26.816766913391014 
 05/15  04:59:00,20.5,26.800313810557743 
 05/15  05:00:00,20.5,26.783874024826723 
 05/15  05:01:00,20.5,26.76744642241528 
 05/15  05:02:00,20.5,26.75104184629523 
 05/15  05:03:00,20.5,26.734655127329443 
 05/15  05:04:00,20.6,26.71828190855351 
 05/15  05:05:00,20.6,26.70192125655555 
 05/15  05:06:00,20.6,26.685584104628344 
 05/15  05:07:00,20.6,26.669265349518874 
 05/15  05:08:00,20.6,26.6529606764295 
 05/15  05:09:00,20.6,26.63667918981238 
 05/15  05:10:00,20.7,26.620415402157725 
 05/15  05:11:00,20.7,26.60416524428805 
 05/15  05:12:00,20.7,26.587938173474686 
 05/15  05:13:00,20.7,26.571728997065353 
 05/15  05:14:00,20.7,26.555533874844826 
 05/15  05:15:00,20.8,26.539362446001626 
 05/15  05:16:00,20.8,26.523209714811134 
 05/15  05:17:00,20.8,26.507072038033215 
 05/15  05:18:00,20.8,26.490959227892603 
 05/15  05:19:00,20.8,26.474866498497892 
 05/15  05:20:00,20.9,26.458800421348304 
 05/15  05:21:00,20.9,26.44275457953376 
 05/15  05:22:00,20.9,26.426725361531236 
 05/15  05:23:00,20.9,26.410723175180543 
 05/15  05:24:00,20.9,26.394743913152947 
 05/15  05:25:00,20.9,26.378794689313906 
 05/15  05:26:00,21.0,26.362869569065612 
 05/15  05:27:00,21.0,26.34697533189189 
 05/15  05:28:00,21.0,26.331106335376724 
 05/15  05:29:00,21.0,26.31526974373396 
 05/15  05:30:00,21.1,26.299460219528704 
 05/15  05:31:00,21.1,26.28368512414664 
 05/15  05:32:00,21.1,26.267939272504492 
 05/15  05:33:00,21.1,26.252230118575167 
 05/15  05:34:00,21.1,26.23655257146666 
 05/15  05:35:00,21.2,26.220914129466053 
 05/15  05:36:00,21.2,26.20530976392304 
 05/15  05:37:00,21.2,26.189746984999196 
 05/15  05:38:00,21.2,26.17423077375321 
 05/15  05:39:00,21.2,26.15875233939049 
 05/15  05:40:00,21.3,26.143317560573653 
 05/15  05:41:00,21.3,26.12793131292227 
 05/15  05:42:00,21.3,26.11258523533473 
 05/15  05:43:00,21.3,26.097285615364466 
 05/15  05:44:00,21.3,26.08203760399122 
 05/15  05:45:00,21.4,26.06684302076644 
 05/15  05:46:00,21.4,26.051691952243914 
 05/15  05:47:00,21.4,26.036590472743484 
 05/15  05:48:00,21.4,26.021544050459575 
 05/15  05:49:00,21.5,26.006554859203018 
 05/15  05:50:00,21.5,25.991623229594744 
 05/15  05:51:00,21.5,25.976749074758533 
 05/15  05:52:00,21.5,25.961932498843254 
 05/15  05:53:00,21.6,25.947173887814834 
 05/15  05:54:00,21.6,25.932473829888878 
 05/15  05:55:00,21.6,25.917833031084992 
 05/15  05:56:00,21.6,25.903252264348694 
 05/15  05:57:00,21.6,25.8887323440423 
 05/15  05:58:00,21.7,25.874274112388743 
 05/15  05:59:00,21.7,25.85987843035783 
 05/15  06:00:00,21.7,25.84554617036726 
 05/15  06:01:00,21.8,25.831278210129145 
 05/15  06:02:00,21.9,25.817085406873666 
 05/15  06:03:00,22.0,25.80296236303494 
 05/15  06:04:00,22.1,25.78890453954876 
 05/15  06:05:00,22.1,25.774910995232016 
 05/15  06:06:00,22.2,25.760992793867675 
 05/15  06:07:00,22.3,25.74714533422694 
 05/15  06:08:00,22.4,25.73336475764647 
 05/15  06:09:00,22.5,25.71966049010817 
 05/15  06:10:00,22.6,25.70602769774998 
 05/15  06:11:00,22.6,25.692472816093176 
 05/15  06:12:00,22.7,25.678989558095644 
 05/15  06:13:00,22.8,25.665584259150286 
 05/15  06:14:00,22.9,25.652251112984754 
 05/15  06:15:00,23.0,25.638996973686577 
 05/15  06:16:00,23.1,25.625826487858053 
 05/15  06:17:00,23.2,25.612730796146785 
 05/15  06:18:00,23.3,25.59971565858334 
 05/15  06:19:00,23.3,25.586786098816287 
 05/15  06:20:00,23.4,25.573944162437645 
 05/15  06:21:00,23.5,25.5611904090863 
 05/15  06:22:00,23.6,25.548515284337636 
 05/15  06:23:00,23.7,25.535925746949857 
 05/15  06:24:00,23.8,25.523428503748473 
 05/15  06:25:00,23.9,25.511027139735937 
 05/15  06:26:00,24.0,25.49872349005179 
 05/15  06:27:00,24.0,25.486519052092472 
 05/15  06:28:00,24.1,25.474415600597247 
 05/15  06:29:00,24.2,25.462425256380268 
 05/15  06:30:00,24.3,25.45054436786625 
 05/15  06:31:00,24.4,25.438770223473508 
 05/15  06:32:00,24.5,25.42710376438999 
 05/15  06:33:00,24.6,25.415558012097144 
 05/15  06:34:00,24.7,25.404130652911622 
 05/15  06:35:00,24.8,25.392830030665472 
 05/15  06:36:00,24.9,25.381651803472835 
 05/15  06:37:00,24.9,25.370604185200126 
 05/15  06:38:00,25.0,25.359683414679395 
 05/15  06:39:00,25.1,25.348898211815605 
 05/15  06:40:00,25.2,25.33825513339093 
 05/15  06:41:00,25.3,25.327757200110455 
 05/15  06:42:00,25.4,25.317405804817938 
 05/15  06:43:00,25.5,25.307202165922277 
 05/15  06:44:00,25.6,25.297147854260384 
 05/15  06:45:00,25.7,25.287244815674992 
 05/15  06:46:00,25.8,25.277495253756683 
 05/15  06:47:00,25.8,25.26790152553049 
 05/15  06:48:00,25.9,25.258476021545807 
 05/15  06:49:00,26.0,25.249215339081985 
 05/15  06:50:00,26.1,25.240126679792134 
 05/15  06:51:00,26.2,25.231204783655926 
 05/15  06:52:00,26.3,25.22245692623522 
 05/15  06:53:00,26.4,25.213888517802676 
 05/15  06:54:00,26.5,25.205491624224763 
 05/15  06:55:00,26.6,25.19727249170601 
 05/15  06:56:00,26.7,25.1892366987136 
 05/15  06:57:00,26.8,25.181386848459184 
 05/15  06:58:00,26.9,25.173723920501086 
 05/15  06:59:00,26.9,25.16625858531939 
 05/15  07:00:00,27.0,25.158985864627354 
 05/15  07:01:00,27.1,25.151901633365885 
 05/15  07:02:00,27.2,25.145015253630792 
 05/15  07:03:00,27.3,25.138322433787987 
 05/15  07:04:00,27.4,25.131830005144618 
 05/15  07:05:00,27.5,25.12554239047431 
 05/15  07:06:00,27.6,25.119460637673935 
 05/15  07:07:00,27.7,25.11358431707732 
 05/15  07:08:00,27.8,25.107912890394847 
 05/15  07:09:00,27.8,25.102446186961533 
 05/15  07:10:00,27.9,25.09718441232572 
 05/15  07:11:00,28.0,25.09213880067066 
 05/15  07:12:00,28.1,25.08730335160752 
 05/15  07:13:00,28.2,25.08268420591604 
 05/15  07:14:00,28.3,25.078284553081524 
 05/15  07:15:00,28.4,25.074093690580845 
 05/15  07:16:00,28.5,25.07011651287929 
 05/15  07:17:00,28.6,25.066356896660633 
 05/15  07:18:00,28.7,25.06281581918633 
 05/15  07:19:00,28.7,25.059511008869638 
 05/15  07:20:00,28.8,25.056425457014097 
 05/15  07:21:00,28.9,25.053552490157465 
 05/15  07:22:00,29.0,25.050906781873106 
 05/15  07:23:00,29.1,25.04849172451766 
 05/15  07:24:00,29.2,25.04629126458595 
 05/15  07:25:00,29.3,25.044311996115805 
 05/15  07:26:00,29.4,25.042557082063546 
 05/15  07:27:00,29.5,25.04102622457393 
 05/15  07:28:00,29.5,25.039717896359893 
 05/15  07:29:00,29.6,25.038630621123115 
 05/15  07:30:00,29.7,25.037763323017014 
 05/15  07:31:00,29.8,25.037115274507943 
 05/15  07:32:00,29.9,25.03668597341409 
 05/15  07:33:00,30.0,25.03647505742892 
 05/15  07:34:00,30.1,25.036482259995037 
 05/15  07:35:00,30.2,25.036707387744933 
 05/15  07:36:00,30.3,25.037150305328502 
 05/15  07:37:00,30.3,25.037811865716375 
 05/15  07:38:00,30.4,25.038686415542035 
 05/15  07:39:00,30.5,25.0397713059206 
 05/15  07:40:00,30.6,25.041067004761512 
 05/15  07:41:00,30.7,25.042575276999198 
 05/15  07:42:00,30.8,25.044297989654222 
 05/15  07:43:00,30.9,25.046236705988758 
 05/15  07:44:00,31.0,25.04839266963209 
 05/15  07:45:00,31.1,25.05076688600367 
 05/15  07:46:00,31.1,25.05336018898154 
 05/15  07:47:00,31.2,25.056173277618612 
 05/15  07:48:00,31.3,25.05920673534567 
 05/15  07:49:00,31.4,25.062461043019635 
 05/15  07:50:00,31.5,25.065936590865512 
 05/15  07:51:00,31.6,25.069633690203098 
 05/15  07:52:00,31.7,25.073552584232715 
 05/15  07:53:00,31.7,25.07769345702215 
 05/15  07:54:00,31.8,25.082056440343464 
 05/15  07:55:00,31.9,25.08664161862011 
 05/15  07:56:00,32.0,25.091449032642192 
 05/15  07:57:00,32.1,25.09647868272751 
 05/15  07:58:00,32.2,25.101730531663076 
 05/15  07:59:00,32.3,25.107204507322326 
 05/15  08:00:00,32.3,25.112900504660857 
 05/15  08:01:00,32.4,25.118818386960164 
 05/15  08:02:00,32.5,25.12495798654082 
 05/15  08:03:00,32.5,25.13131910543257 
 05/15  08:04:00,32.6,25.13790151646369 
 05/15  08:05:00,32.7,25.14470496488719 
 05/15  08:06:00,32.7,25.15172917022349 
 05/15  08:07:00,32.8,25.158973827738425 
 05/15  08:08:00,32.8,25.166438608963517 
 05/15  08:09:00,32.9,25.174123160855277 
 05/15  08:10:00,33.0,25.182027103492228 
 05/15  08:11:00,33.0,25.19015002646353 
 05/15  08:12:00,33.1,25.198491484204805 
 05/15  08:13:00,33.2,25.20705099052238 
 05/15  08:14:00,33.2,25.215828012566295 
 05/15  08:15:00,33.3,25.224821964630145 
 05/15  08:16:00,33.3,25.23403220226618 
 05/15  08:17:00,33.4,25.243470685093865 
 05/15  08:18:00,33.5,25.25316139810427 
 05/15  08:19:00,33.5,25.26311127054169 
 05/15  08:20:00,33.6,25.27331500917908 
 05/15  08:21:00,33.7,25.283763564130652 
 05/15  08:22:00,33.7,25.29444850136573 
 05/15  08:23:00,33.8,25.305363050145 
 05/15  08:24:00,33.8,25.31650182315702 
 05/15  08:25:00,33.9,25.32787032878522 
 05/15  08:26:00,34.0,25.339458772881795 
 05/15  08:27:00,34.0,25.351268409671135 
 05/15  08:28:00,34.1,25.36328830658312 
 05/15  08:29:00,34.1,25.375520543304752 
 05/15  08:30:00,34.2,25.387965416557222 
 05/15  08:31:00,34.2,25.400620009751666 
 05/15  08:32:00,34.3,25.41348005947551 
 05/15  08:33:00,34.4,25.426541366543002 
 05/15  08:34:00,34.4,25.439800283339668 
 05/15  08:35:00,34.5,25.453263728964693 
 05/15  08:36:00,34.5,25.466922874762826 
 05/15  08:37:00,34.6,25.480779928914956 
 05/15  08:38:00,34.7,25.494824684948654 
 05/15  08:39:00,34.7,25.509059961717828 
 05/15  08:40:00,34.8,25.52348659295225 
 05/15  08:41:00,34.8,25.538102065492666 
 05/15  08:42:00,34.9,25.55290246750965 
 05/15  08:43:00,34.9,25.56788393576098 
 05/15  08:44:00,35.0,25.583043148745297 
 05/15  08:45:00,35.1,25.598377313267864 
 05/15  08:46:00,35.1,25.61388401991825 
 05/15  08:47:00,35.2,25.629571136572785 
 05/15  08:48:00,35.2,25.64543041017641 
 05/15  08:49:00,35.3,25.661464605683324 
 05/15  08:50:00,35.3,25.67766392684682 
 05/15  08:51:00,35.4,25.694031667959422 
 05/15  08:52:00,35.4,25.710569000669626 
 05/15  08:53:00,35.5,25.72726369619944 
 05/15  08:54:00,35.5,25.74411854235647 
 05/15  08:55:00,35.6,25.761135400334172 
 05/15  08:56:00,35.7,25.778312987482703 
 05/15  08:57:00,35.7,25.795648470015706 
 05/15  08:58:00,35.8,25.813138859874556 
 05/15  08:59:00,35.8,25.830781554654084 
 05/15  09:00:00,35.9,25.84858440052703 
 05/15  09:01:00,35.9,25.86653904915644 
 05/15  09:02:00,35.9,25.884638353166736 
 05/15  09:03:00,36.0,25.902889090596155 
 05/15  09:04:00,36.0,25.921283666894524 
 05/15  09:05:00,36.0,25.939826197843605 
 05/15  09:06:00,36.1,25.958517889580687 
 05/15  09:07:00,36.1,25.977346372040333 
 05/15  09:08:00,36.1,25.996314550616027 
 05/15  09:09:00,36.2,26.015424386582275 
 05/15  09:10:00,36.2,26.034674675512964 
 05/15  09:11:00,36.2,26.054062674508437 
 05/15  09:12:00,36.3,26.073585509073972 
 05/15  09:13:00,36.3,26.09324070251975 
 05/15  09:14:00,36.3,26.113026193827725 
 05/15  09:15:00,36.4,26.132940206602147 
 05/15  09:16:00,36.4,26.15299113663516 
 05/15  09:17:00,36.4,26.173170840144195 
 05/15  09:18:00,36.5,26.19347235983095 
 05/15  09:19:00,36.5,26.213902608307507 
 05/15  09:20:00,36.5,26.234453935539864 
 05/15  09:21:00,36.6,26.255130380151808 
 05/15  09:22:00,36.6,26.275922940001106 
 05/15  09:23:00,36.6,26.29683566038969 
 05/15  09:24:00,36.6,26.31786997695756 
 05/15  09:25:00,36.7,26.339013636939896 
 05/15  09:26:00,36.7,26.360269650432492 
 05/15  09:27:00,36.7,26.381639812023753 
 05/15  09:28:00,36.8,26.403122570050837 
 05/15  09:29:00,36.8,26.42471476228248 
 05/15  09:30:00,36.8,26.446413076408422 
 05/15  09:31:00,36.8,26.46821459556187 
 05/15  09:32:00,36.9,26.490116819676945 
 05/15  09:33:00,36.9,26.512117537563064 
 05/15  09:34:00,36.9,26.534214713584515 
 05/15  09:35:00,37.0,26.556406419767544 
 05/15  09:36:00,37.0,26.57869079957482 
 05/15  09:37:00,37.0,26.60107608048052 
 05/15  09:38:00,37.0,26.623553685566225 
 05/15  09:39:00,37.1,26.646116346196674 
 05/15  09:40:00,37.1,26.668770769531505 
 05/15  09:41:00,37.1,26.69150896170139 
 05/15  09:42:00,37.1,26.714334737136085 
 05/15  09:43:00,37.2,26.73723883926443 
 05/15  09:44:00,37.2,26.760225179449538 
 05/15  09:45:00,37.2,26.783285048994863 
 05/15  09:46:00,37.2,26.806422923758653 
 05/15  09:47:00,37.3,26.82963045902488 
 05/15  09:48:00,37.3,26.852912416861585 
 05/15  09:49:00,37.3,26.87627064038969 
 05/15  09:50:00,37.3,26.899693076014128 
 05/15  09:51:00,37.4,26.9231830768525 
 05/15  09:52:00,37.4,26.946742654690702 
 05/15  09:53:00,37.4,26.97037040668583 
 05/15  09:54:00,37.4,26.994053310463805 
 05/15  09:55:00,37.4,27.01779521978256 
 05/15  09:56:00,37.5,27.041599006831856 
 05/15  09:57:00,37.5,27.065463989615388 
 05/15  09:58:00,37.5,27.08938766309105 
 05/15  09:59:00,37.5,27.113367252517083 
 05/15  10:00:00,37.6,27.13740032743821 
 05/15  10:01:00,37.6,27.16148485500927 
 05/15  10:02:00,37.6,27.185619083751345 
 05/15  10:03:00,37.6,27.209801434705494 
 05/15  10:04:00,37.6,27.234030436365057 
 05/15  10:05:00,37.6,27.258304691030943 
 05/15  10:06:00,37.7,27.282622856504215 
 05/15  10:07:00,37.7,27.306983634297275 
 05/15  10:08:00,37.7,27.331385760996525 
 05/15  10:09:00,37.7,27.35582800155328 
 05/15  10:10:00,37.7,27.38030914379473 
 05/15  10:11:00,37.7,27.404827993705045 
 05/15  10:12:00,37.7,27.4293934173941 
 05/15  10:13:00,37.8,27.453997265368837 
 05/15  10:14:00,37.8,27.478632824648617 
 05/15  10:15:00,37.8,27.503297408735023 
 05/15  10:16:00,37.8,27.527990483487688 
 05/15  10:17:00,37.8,27.55272205045158 
 05/15  10:18:00,37.8,27.57748484355452 
 05/15  10:19:00,37.8,27.602272718728706 
 05/15  10:20:00,37.8,27.627083341752773 
 05/15  10:21:00,37.9,27.651926480722647 
 05/15  10:22:00,37.9,27.676795226735425 
 05/15  10:23:00,37.9,27.701683841562744 
 05/15  10:24:00,37.9,27.72660034173605 
 05/15  10:25:00,37.9,27.75153759624977 
 05/15  10:26:00,37.9,27.776490234978706 
 05/15  10:27:00,37.9,27.80146668784133 
 05/15  10:28:00,37.9,27.826460094552484 
 05/15  10:29:00,37.9,27.851465243067086 
 05/15  10:30:00,38.0,27.87649067602683 
 05/15  10:31:00,38.0,27.901529587589916 
 05/15  10:32:00,38.0,27.92657680832345 
 05/15  10:33:00,38.0,27.951640939883458 
 05/15  10:34:00,38.0,27.976715199311062 
 05/15  10:35:00,38.0,28.001804505229725 
 05/15  10:36:00,38.0,28.026900369620467 
 05/15  10:37:00,38.0,28.051997487387105 
 05/15  10:38:00,38.0,28.077104887635493 
 05/15  10:39:00,38.0,28.10221622808613 
 05/15  10:40:00,38.0,28.127336748009856 
 05/15  10:41:00,38.0,28.15245815877591 
 05/15  10:42:00,38.1,28.177575298465136 
 05/15  10:43:00,38.1,28.202697327289567 
 05/15  10:44:00,38.1,28.227818001671206 
 05/15  10:45:00,38.1,28.252942658908772 
 05/15  10:46:00,38.1,28.278063080454814 
 05/15  10:47:00,38.1,28.303184228745828 
 05/15  10:48:00,38.1,28.328298189107013 
 05/15  10:49:00,38.1,28.353400224223435 
 05/15  10:50:00,38.1,28.378499787880745 
 05/15  10:51:00,38.1,28.403590823512676 
 05/15  10:52:00,38.1,28.428678788033785 
 05/15  10:53:00,38.1,28.453755564561412 
 05/15  10:54:00,38.1,28.478816145540353 
 05/15  10:55:00,38.1,28.503869835044995 
 05/15  10:56:00,38.1,28.528910530252734 
 05/15  10:57:00,38.1,28.553943698503208 
 05/15  10:58:00,38.1,28.578961265509083 
 05/15  10:59:00,38.1,28.603958273200536 
 05/15  11:00:00,38.1,28.62894405986267 
 05/15  11:01:00,38.1,28.653912569347554 
 05/15  11:02:00,38.1,28.678859225668333 
 05/15  11:03:00,38.1,28.70379309792442 
 05/15  11:04:00,38.1,28.728707773077137 
 05/15  11:05:00,38.0,28.75359842044071 
 05/15  11:06:00,38.0,28.778473947849957 
 05/15  11:07:00,38.0,28.803327848870804 
 05/15  11:08:00,38.0,28.828155226233452 
 05/15  11:09:00,38.0,28.85296491892058 
 05/15  11:10:00,38.0,28.87775038414039 
 05/15  11:11:00,37.9,28.9025066933738 
 05/15  11:12:00,37.9,28.92723255852729 
 05/15  11:13:00,37.9,28.951938528277275 
 05/15  11:14:00,37.9,28.976618182539717 
 05/15  11:15:00,37.9,29.001266131878065 
 05/15  11:16:00,37.9,29.025880596329497 
 05/15  11:17:00,37.8,29.050471733977624 
 05/15  11:18:00,37.8,29.075032867140834 
 05/15  11:19:00,37.8,29.09955840162257 
 05/15  11:20:00,37.8,29.12404637033123 
 05/15  11:21:00,37.8,29.148496663075523 
 05/15  11:22:00,37.7,29.172909448887214 
 05/15  11:23:00,37.7,29.197284551108563 
 05/15  11:24:00,37.7,29.22162138986719 
 05/15  11:25:00,37.7,29.24591909651646 
 05/15  11:26:00,37.7,29.27017662160452 
 05/15  11:27:00,37.7,29.294392799825697 
 05/15  11:28:00,37.6,29.318566384346383 
 05/15  11:29:00,37.6,29.342696066570515 
 05/15  11:30:00,37.6,29.366780490148578 
 05/15  11:31:00,37.6,29.390818262571116 
 05/15  11:32:00,37.6,29.414807965389425 
 05/15  11:33:00,37.5,29.438748163355562 
 05/15  11:34:00,37.5,29.462637412462136 
 05/15  11:35:00,37.5,29.486474266766603 
 05/15  11:36:00,37.5,29.51025728401525 
 05/15  11:37:00,37.5,29.533985030264372 
 05/15  11:38:00,37.5,29.557656083696966 
 05/15  11:39:00,37.4,29.581269037681285 
 05/15  11:40:00,37.4,29.60481241670317 
 05/15  11:41:00,37.4,29.628291868262874 
 05/15  11:42:00,37.4,29.651711619738755 
 05/15  11:43:00,37.4,29.675071878267758 
 05/15  11:44:00,37.3,29.698360639305147 
 05/15  11:45:00,37.3,29.721582542623608 
 05/15  11:46:00,37.3,29.744741034492073 
 05/15  11:47:00,37.3,29.767825795174247 
 05/15  11:48:00,37.3,29.790841666492426 
 05/15  11:49:00,37.2,29.81378164345184 
 05/15  11:50:00,37.2,29.83665211784063 
 05/15  11:51:00,37.2,29.85944618716784 
 05/15  11:52:00,37.2,29.88216981744055 
 05/15  11:53:00,37.2,29.90481571054973 
 05/15  11:54:00,37.1,29.92738954395909 
 05/15  11:55:00,37.1,29.94988389996889 
 05/15  11:56:00,37.1,29.97229426932188 
 05/15  11:57:00,37.1,29.99463023146072 
 05/15  11:58:00,37.1,30.01688595878703 
 05/15  11:59:00,37.0,30.03905692920422 
 05/15  12:00:00,37.0,30.06114206829829 
 05/15  12:01:00,37.0,30.083141970677847 
 05/15  12:02:00,37.0,30.105067528135127 
 05/15  12:03:00,36.9,30.126912248120767 
 05/15  12:04:00,36.9,30.14867053613567 
 05/15  12:05:00,36.9,30.1703404848867 
 05/15  12:06:00,36.8,30.19192217941176 
 05/15  12:07:00,36.8,30.213416110593798 
 05/15  12:08:00,36.8,30.234822522404777 
 05/15  12:09:00,36.8,30.256141332142466 
 05/15  12:10:00,36.7,30.277372230878353 
 05/15  12:11:00,36.7,30.298514782087175 
 05/15  12:12:00,36.7,30.319558381592824 
 05/15  12:13:00,36.6,30.340509345524232 
 05/15  12:14:00,36.6,30.361372657719325 
 05/15  12:15:00,36.6,30.382139212616504 
 05/15  12:16:00,36.6,30.40281472492018 
 05/15  12:17:00,36.5,30.42340309600557 
 05/15  12:18:00,36.5,30.4438943874996 
 05/15  12:19:00,36.5,30.46429369785739 
 05/15  12:20:00,36.5,30.484594470835162 
 05/15  12:21:00,36.4,30.504803417189088 
 05/15  12:22:00,36.4,30.524914134168423 
 05/15  12:23:00,36.4,30.54492278605123 
 05/15  12:24:00,36.3,30.564839411505478 
 05/15  12:25:00,36.3,30.58465869407423 
 05/15  12:26:00,36.3,30.604376453515023 
 05/15  12:27:00,36.3,30.623991849046664 
 05/15  12:28:00,36.2,30.64350567584066 
 05/15  12:29:00,36.2,30.66291890430337 
 05/15  12:30:00,36.2,30.68223212413621 
 05/15  12:31:00,36.2,30.701445513928075 
 05/15  12:32:00,36.1,30.720558964123654 
 05/15  12:33:00,36.1,30.739572188846502 
 05/15  12:34:00,36.1,30.758484794579598 
 05/15  12:35:00,36.2,30.77729631853355 
 05/15  12:36:00,36.2,30.796006252363043 
 05/15  12:37:00,36.2,30.814603939722026 
 05/15  12:38:00,36.3,30.833095549109142 
 05/15  12:39:00,36.3,30.851486081370876 
 05/15  12:40:00,36.3,30.86976656817924 
 05/15  12:41:00,36.3,30.88794273411211 
 05/15  12:42:00,36.4,30.906008529265616 
 05/15  12:43:00,36.4,30.923971073871716 
 05/15  12:44:00,36.4,30.941824422997822 
 05/15  12:45:00,36.4,30.959575293575284 
 05/15  12:46:00,36.5,30.97721742758951 
 05/15  12:47:00,36.5,30.99474723456248 
 05/15  12:48:00,36.5,31.012165019358747 
 05/15  12:49:00,36.6,31.02948297983816 
 05/15  12:50:00,36.6,31.046696760033438 
 05/15  12:51:00,36.6,31.06380269268299 
 05/15  12:52:00,36.6,31.080800570780124 
 05/15  12:53:00,36.7,31.097692140784066 
 05/15  12:54:00,36.7,31.114479638656636 
 05/15  12:55:00,36.7,31.13116517776541 
 05/15  12:56:00,36.7,31.147750670028174 
 05/15  12:57:00,36.8,31.164237917597504 
 05/15  12:58:00,36.8,31.180618568574538 
 05/15  12:59:00,36.8,31.196901002128254 
 05/15  13:00:00,36.8,31.21309262380188 
 05/15  13:01:00,36.9,31.229186981771154 
 05/15  13:02:00,36.9,31.24519227319826 
 05/15  13:03:00,36.9,31.261115186683202 
 05/15  13:04:00,36.9,31.27694874536473 
 05/15  13:05:00,36.9,31.292700769097095 
 05/15  13:06:00,37.0,31.3083676634589 
 05/15  13:07:00,37.0,31.323958967567677 
 05/15  13:08:00,37.0,31.339471380022538 
 05/15  13:09:00,37.0,31.354903988566978 
 05/15  13:10:00,37.0,31.370269714333638 
 05/15  13:11:00,37.1,31.385566466032767 
 05/15  13:12:00,37.1,31.400793103956108 
 05/15  13:13:00,37.1,31.415951703190718 
 05/15  13:14:00,37.1,31.43105612983406 
 05/15  13:15:00,37.1,31.446103877786808 
 05/15  13:16:00,37.2,31.46109297532291 
 05/15  13:17:00,37.2,31.47602472113897 
 05/15  13:18:00,37.2,31.49090220224761 
 05/15  13:19:00,37.2,31.505728840112365 
 05/15  13:20:00,37.2,31.52050777153061 
 05/15  13:21:00,37.3,31.535241757846272 
 05/15  13:22:00,37.3,31.549933267771102 
 05/15  13:23:00,37.3,31.56458456520582 
 05/15  13:24:00,37.3,31.579197763077474 
 05/15  13:25:00,37.3,31.59377485150452 
 05/15  13:26:00,37.4,31.608317713832616 
 05/15  13:27:00,37.4,31.622828138232144 
 05/15  13:28:00,37.4,31.63730782761409 
 05/15  13:29:00,37.4,31.651758408351945 
 05/15  13:30:00,37.4,31.666181437669888 
 05/15  13:31:00,37.4,31.68057840966103 
 05/15  13:32:00,37.5,31.69494059972091 
 05/15  13:33:00,37.5,31.709275797151967 
 05/15  13:34:00,37.5,31.723590841668997 
 05/15  13:35:00,37.5,31.73788883360962 
 05/15  13:36:00,37.5,31.752170716473746 
 05/15  13:37:00,37.5,31.766436826755307 
 05/15  13:38:00,37.6,31.780677424669886 
 05/15  13:39:00,37.6,31.794899509497444 
 05/15  13:40:00,37.6,31.809109311838238 
 05/15  13:41:00,37.6,31.823309431407367 
 05/15  13:42:00,37.6,31.837490206556637 
 05/15  13:43:00,37.6,31.8516579904685 
 05/15  13:44:00,37.7,31.865818339569305 
 05/15  13:45:00,37.7,31.879973336331833 
 05/15  13:46:00,37.7,31.89411293866946 
 05/15  13:47:00,37.7,31.90824319439348 
 05/15  13:48:00,37.7,31.922369398099033 
 05/15  13:49:00,37.7,31.936493399252665 
 05/15  13:50:00,37.7,31.950604956650082 
 05/15  13:51:00,37.8,31.96470992027745 
 05/15  13:52:00,37.8,31.978813404856986 
 05/15  13:53:00,37.8,31.9929170992722 
 05/15  13:54:00,37.8,32.007010630599616 
 05/15  13:55:00,37.8,32.02109970841738 
 05/15  13:56:00,37.8,32.03518931654682 
 05/15  13:57:00,37.8,32.04927085042842 
 05/15  13:58:00,37.9,32.06335037938772 
 05/15  13:59:00,37.9,32.0774326199952 
 05/15  14:00:00,37.9,32.09151876701043 
 05/15  14:01:00,37.9,32.10559802814685 
 05/15  14:02:00,37.9,32.11967579105237 
 05/15  14:03:00,37.9,32.13375677274553 
 05/15  14:04:00,37.9,32.147832128710874 
 05/15  14:05:00,37.9,32.16190771031389 
 05/15  14:06:00,37.9,32.17598803112057 
 05/15  14:07:00,37.9,32.19007409641344 
 05/15  14:08:00,37.9,32.20415493605297 
 05/15  14:09:00,37.9,32.21823577537563 
 05/15  14:10:00,37.9,32.2323211797642 
 05/15  14:11:00,37.9,32.24640215803774 
 05/15  14:12:00,37.9,32.260484424344924 
 05/15  14:13:00,37.9,32.2745723542506 
 05/15  14:14:00,37.9,32.2886668076819 
 05/15  14:15:00,37.9,32.30275665138264 
 05/15  14:16:00,37.9,32.31684693877516 
 05/15  14:17:00,37.9,32.33094204164579 
 05/15  14:18:00,37.9,32.34503274367287 
 05/15  14:19:00,37.9,32.359124521108015 
 05/15  14:20:00,37.9,32.37322148943289 
 05/15  14:21:00,37.9,32.38732422799309 
 05/15  14:22:00,37.9,32.4014213000319 
 05/15  14:23:00,37.9,32.41551745924416 
 05/15  14:24:00,37.9,32.42961677264887 
 05/15  14:25:00,37.9,32.443719900632516 
 05/15  14:26:00,37.9,32.457815442019744 
 05/15  14:27:00,37.9,32.471908098509815 
 05/15  14:28:00,37.9,32.48600185019919 
 05/15  14:29:00,37.9,32.50008708127731 
 05/15  14:30:00,37.9,32.51416887509054 
 05/15  14:31:00,37.9,32.52825096858704 
 05/15  14:32:00,37.9,32.54233358157719 
 05/15  14:33:00,37.9,32.55640494293858 
 05/15  14:34:00,37.9,32.570469494042314 
 05/15  14:35:00,37.9,32.584531017152194 
 05/15  14:36:00,37.9,32.59857973407631 
 05/15  14:37:00,37.9,32.61262059358209 
 05/15  14:38:00,37.9,32.62665722199559 
 05/15  14:39:00,37.9,32.64067955602698 
 05/15  14:40:00,37.9,32.6546923504259 
 05/15  14:41:00,37.9,32.66869912018072 
 05/15  14:42:00,37.9,32.682699933896664 
 05/15  14:43:00,37.9,32.69668292880614 
 05/15  14:44:00,37.9,32.71065246951357 
 05/15  14:45:00,37.9,32.724612292440185 
 05/15  14:46:00,37.9,32.738552634879895 
 05/15  14:47:00,37.9,32.75247843922605 
 05/15  14:48:00,37.9,32.76639334962603 
 05/15  14:49:00,37.8,32.78028739595587 
 05/15  14:50:00,37.8,32.7941653728878 
 05/15  14:51:00,37.8,32.808020655589594 
 05/15  14:52:00,37.8,32.82185983605038 
 05/15  14:53:00,37.8,32.83568683329008 
 05/15  14:54:00,37.8,32.84949138793238 
 05/15  14:55:00,37.8,32.86327796820525 
 05/15  14:56:00,37.8,32.87703972668898 
 05/15  14:57:00,37.8,32.890783108835315 
 05/15  14:58:00,37.8,32.904511933547816 
 05/15  14:59:00,37.8,32.9182158857834 
 05/15  15:00:00,37.8,32.9318993355381 
 05/15  15:01:00,37.8,32.94555537070331 
 05/15  15:02:00,37.8,32.95919031386446 
 05/15  15:03:00,37.7,32.97279770269815 
 05/15  15:04:00,37.7,32.98638366855392 
 05/15  15:05:00,37.7,32.999941450374536 
 05/15  15:06:00,37.7,33.01347695505971 
 05/15  15:07:00,37.7,33.02698329531706 
 05/15  15:08:00,37.7,33.040466295018675 
 05/15  15:09:00,37.7,33.053919032562206 
 05/15  15:10:00,37.6,33.06734729272616 
 05/15  15:11:00,37.6,33.08074414915988 
 05/15  15:12:00,37.6,33.094105161081764 
 05/15  15:13:00,37.6,33.10743993319497 
 05/15  15:14:00,37.6,33.12074320714283 
 05/15  15:15:00,37.6,33.134020881084695 
 05/15  15:16:00,37.6,33.14726560217063 
 05/15  15:17:00,37.5,33.160472482135674 
 05/15  15:18:00,37.5,33.173650754828955 
 05/15  15:19:00,37.5,33.18679495219026 
 05/15  15:20:00,37.5,33.199900597850615 
 05/15  15:21:00,37.5,33.21296646726537 
 05/15  15:22:00,37.5,33.22600328634723 
 05/15  15:23:00,37.4,33.23900552796819 
 05/15  15:24:00,37.4,33.25196816324286 
 05/15  15:25:00,37.4,33.26488944241083 
 05/15  15:26:00,37.4,33.2777796871775 
 05/15  15:27:00,37.4,33.29063313102739 
 05/15  15:28:00,37.3,33.3034445749199 
 05/15  15:29:00,37.3,33.316212130872344 
 05/15  15:30:00,37.3,33.328935781766 
 05/15  15:31:00,37.3,33.34161594428316 
 05/15  15:32:00,37.3,33.35425284598456 
 05/15  15:33:00,37.3,33.36684642397331 
 05/15  15:34:00,37.2,33.37939639786771 
 05/15  15:35:00,37.2,33.39190235015522 
 05/15  15:36:00,37.2,33.40436377454526 
 05/15  15:37:00,37.2,33.416780100260496 
 05/15  15:38:00,37.2,33.42915070573523 
 05/15  15:39:00,37.1,33.44147492918447 
 05/15  15:40:00,37.1,33.45375207826235 
 05/15  15:41:00,37.1,33.46598143876975 
 05/15  15:42:00,37.1,33.47816228206917 
 05/15  15:43:00,37.1,33.490293871190794 
 05/15  15:44:00,37.0,33.502375465790806 
 05/15  15:45:00,37.0,33.51439611659317 
 05/15  15:46:00,37.0,33.52636135664508 
 05/15  15:47:00,37.0,33.53827594821947 
 05/15  15:48:00,36.9,33.55014104702091 
 05/15  15:49:00,36.9,33.56194551190186 
 05/15  15:50:00,36.9,33.57369410578174 
 05/15  15:51:00,36.9,33.58539091857526 
 05/15  15:52:00,36.9,33.597026456928894 
 05/15  15:53:00,36.8,33.60860576779477 
 05/15  15:54:00,36.8,33.620132644296724 
 05/15  15:55:00,36.8,33.6315972670203 
 05/15  15:56:00,36.8,33.64300437570002 
 05/15  15:57:00,36.7,33.65434738766772 
 05/15  15:58:00,36.7,33.665632753572986 
 05/15  15:59:00,36.7,33.67685420586927 
 05/15  16:00:00,36.7,33.688017916208686 
 05/15  16:01:00,36.6,33.69911730137731 
 05/15  16:02:00,36.6,33.71014806508588 
 05/15  16:03:00,36.6,33.72111984447468 
 05/15  16:04:00,36.6,33.73202758250299 
 05/15  16:05:00,36.5,33.74286705109333 
 05/15  16:06:00,36.5,33.75363717921988 
 05/15  16:07:00,36.5,33.76434883709893 
 05/15  16:08:00,36.5,33.774996815605775 
 05/15  16:09:00,36.4,33.78557629386652 
 05/15  16:10:00,36.4,33.79608564539476 
 05/15  16:11:00,36.4,33.80652507443944 
 05/15  16:12:00,36.4,33.81689521569107 
 05/15  16:13:00,36.3,33.82719652004815 
 05/15  16:14:00,36.3,33.837429151876755 
 05/15  16:15:00,36.3,33.84759305979567 
 05/15  16:16:00,36.3,33.85768805653828 
 05/15  16:17:00,36.2,33.86771386817655 
 05/15  16:18:00,36.2,33.87767015967368 
 05/15  16:19:00,36.2,33.88755654939576 
 05/15  16:20:00,36.2,33.89737261970341 
 05/15  16:21:00,36.1,33.90710771164929 
 05/15  16:22:00,36.1,33.91676745968359 
 05/15  16:23:00,36.1,33.92635683118536 
 05/15  16:24:00,36.0,33.935867041025126 
 05/15  16:25:00,36.0,33.94530357272132 
 05/15  16:26:00,36.0,33.9546706646651 
 05/15  16:27:00,36.0,33.96395892469206 
 05/15  16:28:00,35.9,33.973173368363874 
 05/15  16:29:00,35.9,33.982307732209385 
 05/15  16:30:00,35.9,33.99136869369263 
 05/15  16:31:00,35.8,34.000350302147815 
 05/15  16:32:00,35.8,34.009258943448025 
 05/15  16:33:00,35.8,34.01808835366669 
 05/15  16:34:00,35.8,34.02683443890641 
 05/15  16:35:00,35.7,34.03549670574177 
 05/15  16:36:00,35.7,34.044086625504924 
 05/15  16:37:00,35.7,34.05259964395911 
 05/15  16:38:00,35.7,34.06103139598251 
 05/15  16:39:00,35.6,34.06938056696138 
 05/15  16:40:00,35.6,34.07764761757807 
 05/15  16:41:00,35.6,34.08583342909026 
 05/15  16:42:00,35.5,34.09393870088607 
 05/15  16:43:00,35.5,34.101963846478675 
 05/15  16:44:00,35.5,34.10990906156565 
 05/15  16:45:00,35.4,34.11777440297979 
 05/15  16:46:00,35.4,34.12555983841694 
 05/15  16:47:00,35.4,34.13326527281049 
 05/15  16:48:00,35.4,34.140890563273 
 05/15  16:49:00,35.3,34.148425237724645 
 05/15  16:50:00,35.3,34.15587510658276 
 05/15  16:51:00,35.3,34.16324532896547 
 05/15  16:52:00,35.2,34.170527322277316 
 05/15  16:53:00,35.2,34.17772675787204 
 05/15  16:54:00,35.2,34.18483776962522 
 05/15  16:55:00,35.2,34.19186744404628 
 05/15  16:56:00,35.1,34.198810096470766 
 05/15  16:57:00,35.1,34.20567246032206 
 05/15  16:58:00,35.1,34.21244849025554 
 05/15  16:59:00,35.0,34.21913426775637 
 05/15  17:00:00,35.0,34.22573979986925 
 05/15  17:01:00,35.0,34.232260527661936 
 05/15  17:02:00,34.9,34.238692613803856 
 05/15  17:03:00,34.9,34.245035261081824 
 05/15  17:04:00,34.9,34.25129965489018 
 05/15  17:05:00,34.9,34.25748116346378 
 05/15  17:06:00,34.8,34.26357543225021 
 05/15  17:07:00,34.8,34.269581153820326 
 05/15  17:08:00,34.8,34.275498808815485 
 05/15  17:09:00,34.7,34.28132933263698 
 05/15  17:10:00,34.7,34.28707351775505 
 05/15  17:11:00,34.7,34.292720467209925 
 05/15  17:12:00,34.7,34.29827783778281 
 05/15  17:13:00,34.6,34.303751329459075 
 05/15  17:14:00,34.6,34.309142868224406 
 05/15  17:15:00,34.6,34.31444101465829 
 05/15  17:16:00,34.5,34.319652319456075 
 05/15  17:17:00,34.5,34.32478166252623 
 05/15  17:18:00,34.5,34.329819193044564 
 05/15  17:19:00,34.5,34.33477152498102 
 05/15  17:20:00,34.4,34.339631971398205 
 05/15  17:21:00,34.4,34.34440855754096 
 05/15  17:22:00,34.4,34.3490948399728 
 05/15  17:23:00,34.3,34.35368730697518 
 05/15  17:24:00,34.3,34.35819723413194 
 05/15  17:25:00,34.3,34.36261947427378 
 05/15  17:26:00,34.3,34.36695041876047 
 05/15  17:27:00,34.2,34.371189635310365 
 05/15  17:28:00,34.2,34.37533828438334 
 05/15  17:29:00,34.2,34.37939780708691 
 05/15  17:30:00,34.1,34.383369409600924 
 05/15  17:31:00,34.1,34.38725400532111 
 05/15  17:32:00,34.1,34.3910522939596 
 05/15  17:33:00,34.0,34.394764836958664 
 05/15  17:34:00,34.0,34.39839210141884 
 05/15  17:35:00,34.0,34.40193448240422 
 05/15  17:36:00,34.0,34.405392315706294 
 05/15  17:37:00,33.9,34.40876588720136 
 05/15  17:38:00,33.9,34.41205544063436 
 05/15  17:39:00,33.9,34.41526118404439 
 05/15  17:40:00,33.8,34.418383294917966 
 05/15  17:41:00,33.8,34.42142192442761 
 05/15  17:42:00,33.8,34.42437720120507 
 05/15  17:43:00,33.7,34.42724923493772 
 05/15  17:44:00,33.7,34.43003811984411 
 05/15  17:45:00,33.7,34.4327439378995 
 05/15  17:46:00,33.6,34.435348284981536 
 05/15  17:47:00,33.6,34.437849614742845 
 05/15  17:48:00,33.6,34.440252687874086 
 05/15  17:49:00,33.5,34.442562321122416 
 05/15  17:50:00,33.5,34.44478182800249 
 05/15  17:51:00,33.5,34.44691332012847 
 05/15  17:52:00,33.5,34.4489582573637 
 05/15  17:53:00,33.4,34.450917779797344 
 05/15  17:54:00,33.4,34.452792840646225 
 05/15  17:55:00,33.4,34.45458424690777 
 05/15  17:56:00,33.3,34.45629267509137 
 05/15  17:57:00,33.3,34.45791868600933 
 05/15  17:58:00,33.3,34.45946274181857 
 05/15  17:59:00,33.2,34.46092522316443 
 05/15  18:00:00,33.2,34.462306444658914 
 05/15  18:01:00,33.2,34.463606668075954 
 05/15  18:02:00,33.2,34.464826113265445 
 05/15  18:03:00,33.1,34.46596496698817 
 05/15  18:04:00,33.1,34.46702338990241 
 05/15  18:05:00,33.1,34.468001521946555 
 05/15  18:06:00,33.1,34.468899486461545 
 05/15  18:07:00,33.1,34.46971739351859 
 05/15  18:08:00,33.0,34.470455342890205 
 05/15  18:09:00,33.0,34.471113426927616 
 05/15  18:10:00,33.0,34.47169173347862 
 05/15  18:11:00,33.0,34.47219034900271 
 05/15  18:12:00,33.0,34.47260936207795 
 05/15  18:13:00,33.0,34.47294886735467 
 05/15  18:14:00,32.9,34.473208969748676 
 05/15  18:15:00,32.9,34.473389788534845 
 05/15  18:16:00,32.9,34.473491461131715 
 05/15  18:17:00,32.9,34.47351414663206 
 05/15  18:18:00,32.9,34.473458029268784 
 05/15  18:19:00,32.8,34.473323321848106 
 05/15  18:20:00,32.8,34.47311026888194 
 05/15  18:21:00,32.8,34.47281914902004 
 05/15  18:22:00,32.8,34.47245027654408 
 05/15  18:23:00,32.8,34.47200400194429 
 05/15  18:24:00,32.7,34.471480711684414 
 05/15  18:25:00,32.7,34.47088082717219 
 05/15  18:26:00,32.7,34.47020480292006 
 05/15  18:27:00,32.7,34.46945312402454 
 05/15  18:28:00,32.7,34.46862630326012 
 05/15  18:29:00,32.6,34.467724878052245 
 05/15  18:30:00,32.6,34.466749407399405 
 05/15  18:31:00,32.6,34.465700468702195 
 05/15  18:32:00,32.6,34.464578654550344 
 05/15  18:33:00,32.6,34.46338456966097 
 05/15  18:34:00,32.5,34.46211882812292 
 05/15  18:35:00,32.5,34.46078205091259 
 05/15  18:36:00,32.5,34.45937486354529 
 05/15  18:37:00,32.5,34.457892711250686 
 05/15  18:38:00,32.5,34.45634044911344 
 05/15  18:39:00,32.4,34.454721969653896 
 05/15  18:40:00,32.4,34.45303868105587 
 05/15  18:41:00,32.4,34.45129061172774 
 05/15  18:42:00,32.4,34.44947743497953 
 05/15  18:43:00,32.4,34.44759891635567 
 05/15  18:44:00,32.3,34.44565499840346 
 05/15  18:45:00,32.3,34.44364576220198 
 05/15  18:46:00,32.3,34.44157137979177 
 05/15  18:47:00,32.3,34.439432085166644 
 05/15  18:48:00,32.2,34.43722815971726 
 05/15  18:49:00,32.2,34.434959924107034 
 05/15  18:50:00,32.2,34.43262773205169 
 05/15  18:51:00,32.2,34.430231964483916 
 05/15  18:52:00,32.2,34.42777302392151 
 05/15  18:53:00,32.1,34.425251329134596 
 05/15  18:54:00,32.1,34.42266731011214 
 05/15  18:55:00,32.1,34.4200214033078 
 05/15  18:56:00,32.1,34.41731404730715 
 05/15  18:57:00,32.1,34.41454567920605 
 05/15  18:58:00,32.0,34.411716731898565 
 05/15  18:59:00,32.0,34.40882763221134 
 05/15  19:00:00,32.0,34.405878799667285 
 05/15  19:01:00,32.0,34.40287064574409 
 05/15  19:02:00,32.0,34.39980357364016 
 05/15  19:03:00,31.9,34.39667797853237 
 05/15  19:04:00,31.9,34.39349424813821 
 05/15  19:05:00,31.9,34.390252763328135 
 05/15  19:06:00,31.9,34.38695389868112 
 05/15  19:07:00,31.9,34.38359802306483 
 05/15  19:08:00,31.9,34.38018550031196 
 05/15  19:09:00,31.8,34.376716689896234 
 05/15  19:10:00,31.8,34.37319194743878 
 05/15  19:11:00,31.8,34.36961162502975 
 05/15  19:12:00,31.8,34.36597607160428 
 05/15  19:13:00,31.8,34.36228563370416 
 05/15  19:14:00,31.8,34.35854065674105 
 05/15  19:15:00,31.8,34.35474148652399 
 05/15  19:16:00,31.7,34.35088847065263 
 05/15  19:17:00,31.7,34.34698195954268 
 05/15  19:18:00,31.7,34.34302230719165 
 05/15  19:19:00,31.7,34.339009872051975 
 05/15  19:20:00,31.7,34.334945018352876 
 05/15  19:21:00,31.7,34.33082811787404 
 05/15  19:22:00,31.6,34.326659551768024 
 05/15  19:23:00,31.6,34.32243971189081 
 05/15  19:24:00,31.6,34.318169001332535 
 05/15  19:25:00,31.6,34.31384783424166 
 05/15  19:26:00,31.6,34.309476635276155 
 05/15  19:27:00,31.6,34.30505583891051 
 05/15  19:28:00,31.5,34.300585888536865 
 05/15  19:29:00,31.5,34.29606723515674 
 05/15  19:30:00,31.5,34.291500335613556 
 05/15  19:31:00,31.5,34.286885650611204 
 05/15  19:32:00,31.5,34.28222364290743 
 05/15  19:33:00,31.4,34.27751477589312 
 05/15  19:34:00,31.4,34.27275951243276 
 05/15  19:35:00,31.4,34.26795831367667 
 05/15  19:36:00,31.4,34.26311163768582 
 05/15  19:37:00,31.4,34.258219937930846 
 05/15  19:38:00,31.4,34.253283661766005 
 05/15  19:39:00,31.3,34.24830324884975 
 05/15  19:40:00,31.3,34.243279129431365 
 05/15  19:41:00,31.3,34.23821172257846 
 05/15  19:42:00,31.3,34.23310143466253 
 05/15  19:43:00,31.3,34.22794865849269 
 05/15  19:44:00,31.3,34.22275377325062 
 05/15  19:45:00,31.2,34.21751714500586 
 05/15  19:46:00,31.2,34.21223912741202 
 05/15  19:47:00,31.2,34.206920062334575 
 05/15  19:48:00,31.2,34.201560280474645 
 05/15  19:49:00,31.2,34.19614849784928 
 05/15  19:50:00,31.1,34.19069234113177 
 05/15  19:51:00,31.1,34.185185847079964 
 05/15  19:52:00,31.1,34.17962682893683 
 05/15  19:53:00,31.1,34.174016656775464 
 05/15  19:54:00,31.1,34.16836957747168 
 05/15  19:55:00,31.1,34.16268063940666 
 05/15  19:56:00,31.0,34.15694645548612 
 05/15  19:57:00,31.0,34.15116693453362 
 05/15  19:58:00,31.0,34.14534362350835 
 05/15  19:59:00,31.0,34.13947833192806 
 05/15  20:00:00,31.0,34.133584261655244 
 05/15  20:01:00,30.9,34.127654996555975 
 05/15  20:02:00,30.9,34.12168598516937 
 05/15  20:03:00,30.9,34.115676279580505 
 05/15  20:04:00,30.9,34.109626774600414 
 05/15  20:05:00,30.9,34.103538753463745 
 05/15  20:06:00,30.8,34.097413309416865 
 05/15  20:07:00,30.8,34.09125127023556 
 05/15  20:08:00,30.8,34.08505327389157 
 05/15  20:09:00,30.8,34.078819841317326 
 05/15  20:10:00,30.8,34.07255141599525 
 05/15  20:11:00,30.7,34.06624838133293 
 05/15  20:12:00,30.7,34.05990074101189 
 05/15  20:13:00,30.7,34.05351462924985 
 05/15  20:14:00,30.7,34.04709563787681 
 05/15  20:15:00,30.7,34.04064597902946 
 05/15  20:16:00,30.6,34.03416582354979 
 05/15  20:17:00,30.6,34.027654714234444 
 05/15  20:18:00,30.6,34.0211018663953 
 05/15  20:19:00,30.6,34.014512856800444 
 05/15  20:20:00,30.6,34.00789286965175 
 05/15  20:21:00,30.5,34.00124379456594 
 05/15  20:22:00,30.5,33.99455517671158 
 05/15  20:23:00,30.5,33.9878321928258 
 05/15  20:24:00,30.5,33.981079563510676 
 05/15  20:25:00,30.5,33.97428849481504 
 05/15  20:26:00,30.4,33.96746452556809 
 05/15  20:27:00,30.4,33.96061216121749 
 05/15  20:28:00,30.4,33.95372227500151 
 05/15  20:29:00,30.4,33.94680017414652 
 05/15  20:30:00,30.4,33.939839876735554 
 05/15  20:31:00,30.3,33.93284836464312 
 05/15  20:32:00,30.3,33.92583032434129 
 05/15  20:33:00,30.3,33.91877626509206 
 05/15  20:34:00,30.3,33.91169112890167 
 05/15  20:35:00,30.3,33.90456859423817 
 05/15  20:36:00,30.2,33.89741547608961 
 05/15  20:37:00,30.2,33.890225944488755 
 05/15  20:38:00,30.2,33.883006693868985 
 05/15  20:39:00,30.2,33.87575163846317 
 05/15  20:40:00,30.2,33.86846729852204 
 05/15  20:41:00,30.1,33.86114745481211 
 05/15  20:42:00,30.1,33.853788216002805 
 05/15  20:43:00,30.1,33.846399634977296 
 05/15  20:44:00,30.1,33.8389771656327 
 05/15  20:45:00,30.0,33.83151711819372 
 05/15  20:46:00,30.0,33.8240291878813 
 05/15  20:47:00,30.0,33.8165084373627 
 05/15  20:48:00,30.0,33.80895089277715 
 05/15  20:49:00,30.0,33.80136608182681 
 05/15  20:50:00,29.9,33.793748919316684 
 05/15  20:51:00,29.9,33.78609531544827 
 05/15  20:52:00,29.9,33.77840440436665 
 05/15  20:53:00,29.9,33.7706873647483 
 05/15  20:54:00,29.9,33.762939398972314 
 05/15  20:55:00,29.8,33.75515614399628 
 05/15  20:56:00,29.8,33.74733638608356 
 05/15  20:57:00,29.8,33.73948072988589 
 05/15  20:58:00,29.8,33.731590230829426 
 05/15  20:59:00,29.7,33.723676104612366 
 05/15  21:00:00,29.7,33.715732950511814 
 05/15  21:01:00,29.7,33.70775581455899 
 05/15  21:02:00,29.7,33.69974306093764 
 05/15  21:03:00,29.7,33.69169501081318 
 05/15  21:04:00,29.6,33.68361251901111 
 05/15  21:05:00,29.6,33.675496334313394 
 05/15  21:06:00,29.6,33.667346976209494 
 05/15  21:07:00,29.6,33.65916479033712 
 05/15  21:08:00,29.5,33.650950016801616 
 05/15  21:09:00,29.5,33.64270283052878 
 05/15  21:10:00,29.5,33.63442335985574 
 05/15  21:11:00,29.5,33.62611169549937 
 05/15  21:12:00,29.5,33.61776789668588 
 05/15  21:13:00,29.4,33.60939199654571 
 05/15  21:14:00,29.4,33.60098400684817 
 05/15  21:15:00,29.4,33.59254392182335 
 05/15  21:16:00,29.4,33.58407172114386 
 05/15  21:17:00,29.3,33.57555712663221 
 05/15  21:18:00,29.3,33.56700602723717 
 05/15  21:19:00,29.3,33.55842377399819 
 05/15  21:20:00,29.3,33.54981229197648 
 05/15  21:21:00,29.3,33.54117145720903 
 05/15  21:22:00,29.2,33.53249029863606 
 05/15  21:23:00,29.2,33.523774071198 
 05/15  21:24:00,29.2,33.515027687478685 
 05/15  21:25:00,29.2,33.50625278053486 
 05/15  21:26:00,29.1,33.49743875877415 
 05/15  21:27:00,29.1,33.48859066629901 
 05/15  21:28:00,29.1,33.47971309930411 
 05/15  21:29:00,29.1,33.47079719210757 
 05/15  21:30:00,29.1,33.461848378764024 
 05/15  21:31:00,29.0,33.452871058184684 
 05/15  21:32:00,29.0,33.44385604955163 
 05/15  21:33:00,29.0,33.434808575110026 
 05/15  21:34:00,29.0,33.425722662641874 
 05/15  21:35:00,28.9,33.4166052347513 
 05/15  21:36:00,28.9,33.407460890267586 
 05/15  21:37:00,28.9,33.3982800938181 
 05/15  21:38:00,28.9,33.389067710415375 
 05/15  21:39:00,28.8,33.379817444775234 
 05/15  21:40:00,28.8,33.3705360686037 
 05/15  21:41:00,28.8,33.36121778312249 
 05/15  21:42:00,28.8,33.35186923038065 
 05/15  21:43:00,28.7,33.342484348608465 
 05/15  21:44:00,28.7,33.33305937241936 
 05/15  21:45:00,28.7,33.323604358373935 
 05/15  21:46:00,28.7,33.31411484043 
 05/15  21:47:00,28.7,33.30459738322703 
 05/15  21:48:00,28.6,33.295045385594236 
 05/15  21:49:00,28.6,33.285454553785726 
 05/15  21:50:00,28.6,33.275834585810266 
 05/15  21:51:00,28.6,33.26618070902962 
 05/15  21:52:00,28.5,33.25648905452145 
 05/15  21:53:00,28.5,33.246769137861584 
 05/15  21:54:00,28.5,33.2370158679546 
 05/15  21:55:00,28.5,33.2272251324059 
 05/15  21:56:00,28.4,33.21739608765502 
 05/15  21:57:00,28.4,33.207539851554955 
 05/15  21:58:00,28.4,33.197651596436494 
 05/15  21:59:00,28.4,33.187726924859355 
 05/15  22:00:00,28.3,33.177764645647535 
 05/15  22:01:00,28.3,33.167765411057935 
 05/15  22:02:00,28.3,33.157730319777556 
 05/15  22:03:00,28.3,33.14767051522848 
 05/15  22:04:00,28.3,33.137580556895045 
 05/15  22:05:00,28.2,33.1274554497705 
 05/15  22:06:00,28.2,33.11729357797289 
 05/15  22:07:00,28.2,33.107095308336845 
 05/15  22:08:00,28.2,33.09686153477074 
 05/15  22:09:00,28.1,33.08659302733099 
 05/15  22:10:00,28.1,33.07629031096764 
 05/15  22:11:00,28.1,33.06595372722869 
 05/15  22:12:00,28.1,33.05558350852925 
 05/15  22:13:00,28.0,33.04517982280975 
 05/15  22:14:00,28.0,33.03474279488012 
 05/15  22:15:00,28.0,33.024272516973696 
 05/15  22:16:00,28.0,33.01376905560856 
 05/15  22:17:00,27.9,33.00323245716987 
 05/15  22:18:00,27.9,32.99266275259714 
 05/15  22:19:00,27.9,32.982059961078505 
 05/15  22:20:00,27.9,32.971413884582574 
 05/15  22:21:00,27.8,32.96073061294283 
 05/15  22:22:00,27.8,32.95001558415172 
 05/15  22:23:00,27.8,32.939270721513296 
 05/15  22:24:00,27.8,32.92849587415833 
 05/15  22:25:00,27.8,32.917690295660016 
 05/15  22:26:00,27.7,32.9068430684194 
 05/15  22:27:00,27.7,32.89595982034965 
 05/15  22:28:00,27.7,32.88504567928387 
 05/15  22:29:00,27.7,32.87410233468493 
 05/15  22:30:00,27.6,32.86311919507306 
 05/15  22:31:00,27.6,32.85210146809225 
 05/15  22:32:00,27.6,32.841053812222704 
 05/15  22:33:00,27.6,32.8299673495776 
 05/15  22:34:00,27.5,32.81884764644715 
 05/15  22:35:00,27.5,32.80769913378682 
 05/15  22:36:00,27.5,32.796512600248356 
 05/15  22:37:00,27.5,32.785293389845194 
 05/15  22:38:00,27.4,32.774035572003235 
 05/15  22:39:00,27.4,32.762746201975766 
 05/15  22:40:00,27.4,32.75141968176699 
 05/15  22:41:00,27.4,32.74006280478775 
 05/15  22:42:00,27.3,32.72866964293292 
 05/15  22:43:00,27.3,32.717246746354014 
 05/15  22:44:00,27.3,32.70578802030129 
 05/15  22:45:00,27.3,32.69429991560054 
 05/15  22:46:00,27.2,32.68277624371079 
 05/15  22:47:00,27.2,32.67122340378906 
 05/15  22:48:00,27.2,32.65963513601927 
 05/15  22:49:00,27.2,32.64801781324683 
 05/15  22:50:00,27.1,32.63636511891254 
 05/15  22:51:00,27.1,32.624673200242206 
 05/15  22:52:00,27.1,32.612952118893084 
 05/15  22:53:00,27.1,32.60119725365856 
 05/15  22:54:00,27.0,32.589404917680554 
 05/15  22:55:00,27.0,32.5775847837632 
 05/15  22:56:00,27.0,32.56573180855273 
 05/15  22:57:00,27.0,32.55384200176717 
 05/15  22:58:00,27.0,32.541924864610294 
 05/15  22:59:00,26.9,32.52997520262747 
 05/15  23:00:00,26.9,32.51798891081631 
 05/15  23:01:00,26.9,32.50596522404909 
 05/15  23:02:00,26.9,32.49391532499321 
 05/15  23:03:00,26.8,32.481834287011836 
 05/15  23:04:00,26.8,32.4697177072667 
 05/15  23:05:00,26.8,32.457564465805866 
 05/15  23:06:00,26.8,32.44537530268832 
 05/15  23:07:00,26.7,32.43315139103013 
 05/15  23:08:00,26.7,32.420893718679885 
 05/15  23:09:00,26.7,32.408613173236084 
 05/15  23:10:00,26.7,32.39630399669073 
 05/15  23:11:00,26.6,32.38396107330447 
 05/15  23:12:00,26.6,32.371582808580996 
 05/15  23:13:00,26.6,32.35916964353436 
 05/15  23:14:00,26.6,32.34672255330834 
 05/15  23:15:00,26.5,32.33424238461714 
 05/15  23:16:00,26.5,32.32172973568905 
 05/15  23:17:00,26.5,32.30918502032752 
 05/15  23:18:00,26.5,32.29660854255621 
 05/15  23:19:00,26.4,32.28400054014269 
 05/15  23:20:00,26.4,32.27136120437178 
 05/15  23:21:00,26.4,32.258690689280215 
 05/15  23:22:00,26.4,32.24598911771178 
 05/15  23:23:00,26.3,32.233256586623384 
 05/15  23:24:00,26.3,32.22049317194361 
 05/15  23:25:00,26.3,32.20769893277607 
 05/15  23:26:00,26.3,32.19486372521818 
 05/15  23:27:00,26.2,32.18199383692111 
 05/15  23:28:00,26.2,32.169094775871834 
 05/15  23:29:00,26.2,32.15616844004427 
 05/15  23:30:00,26.2,32.143214628970455 
 05/15  23:31:00,26.1,32.13023255941917 
 05/15  23:32:00,26.1,32.117211326431054 
 05/15  23:33:00,26.1,32.10415671954811 
 05/15  23:34:00,26.1,32.09107391572955 
 05/15  23:35:00,26.1,32.077964571838045 
 05/15  23:36:00,26.0,32.06481808600458 
 05/15  23:37:00,26.0,32.0516397900421 
 05/15  23:38:00,26.0,32.03843436426339 
 05/15  23:39:00,26.0,32.02519292523593 
 05/15  23:40:00,25.9,32.01192112863414 
 05/15  23:41:00,25.9,31.998623389257602 
 05/15  23:42:00,25.9,31.985290469041313 
 05/15  23:43:00,25.9,31.971927779088944 
 05/15  23:44:00,25.8,31.958539584514646 
 05/15  23:45:00,25.8,31.945116525245922 
 05/15  23:46:00,25.8,31.931663970372213 
 05/15  23:47:00,25.8,31.918175954566685 
 05/15  23:48:00,25.7,31.904659598074662 
 05/15  23:49:00,25.7,31.891109270525128 
 05/15  23:50:00,25.7,31.87753183043791 
 05/15  23:51:00,25.7,31.863921320021728 
 05/15  23:52:00,25.6,31.85028436225281 
 05/15  23:53:00,25.6,31.836614842492843 
 05/15  23:54:00,25.6,31.822919293275937 
 05/15  23:55:00,25.6,31.809191516696657 
 05/15  23:56:00,25.5,31.795437999997652 
 05/15  23:57:00,25.5,31.781652483491225 
 05/15  23:58:00,25.5,31.767841431457626 
 05/15  23:59:00,25.5,31.75399853584824 
 05/15  24:00:00,0.0,31.74012006442481 
